Symbol,Series,Date,Prev Close,Open Price,High Price,Low Price,Last Price,Close Price,Average Price ,Total Traded Quantity,Turnover ₹,No. of Trades,Deliverable Qty,% Dly Qt to Traded Qty
TCS,EQ,28-Jun-23,3197.35,3208.00,3230.95,3193.40,3221.00,3215.45,3215.84,1575872.00,5067755614.75,125121.00,1031195.00,65.44
TCS,EQ,30-Jun-23,3215.45,3220.00,3310.00,3214.10,3298.40,3302.25,3280.38,2672406.00,8766501093.15,205777.00,1683039.00,62.98
TCS,EQ,03-Jul-23,3302.25,3314.30,3318.80,3268.75,3274.00,3272.30,3286.37,1687264.00,5544970019.55,120543.00,1112511.00,65.94
TCS,EQ,04-Jul-23,3272.30,3290.00,3315.00,3277.30,3307.00,3308.85,3298.36,1656681.00,5464337453.05,100235.00,965070.00,58.25
TCS,EQ,05-Jul-23,3308.85,3320.00,3329.00,3305.00,3322.00,3319.95,3318.57,1453008.00,4821906492.95,92949.00,857588.00,59.02
TCS,EQ,06-Jul-23,3319.95,3306.55,3328.45,3302.00,3321.30,3322.90,3314.41,1848238.00,6125814363.75,82587.00,942979.00,51.02
TCS,EQ,07-Jul-23,3322.90,3302.00,3356.90,3302.00,3321.00,3329.25,3334.15,1789326.00,5965881074.45,130328.00,822068.00,45.94
TCS,EQ,10-Jul-23,3329.25,3324.75,3324.75,3265.20,3277.00,3271.95,3283.62,1407431.00,4621463700.65,113059.00,785441.00,55.81
TCS,EQ,11-Jul-23,3271.95,3295.00,3295.00,3260.80,3272.00,3272.40,3277.42,1110172.00,3638501368.95,89756.00,613854.00,55.29
TCS,EQ,12-Jul-23,3272.40,3280.95,3289.15,3250.10,3260.95,3259.90,3266.42,1515240.00,4949416309.10,120424.00,885374.00,58.43
TCS,EQ,13-Jul-23,3259.90,3284.00,3367.45,3272.75,3344.50,3340.55,3338.97,4585146.00,15309671101.45,245158.00,2061479.00,44.96
TCS,EQ,14-Jul-23,3340.55,3365.00,3524.85,3352.00,3509.00,3514.65,3443.41,6306101.00,21714518276.50,318436.00,3428771.00,54.37
TCS,BL,17-Jul-23,3315.95,3514.65,3514.65,3514.65,3514.65,3514.65,3514.65,99465.00,349584662.25,1.00,-,-
TCS,EQ,17-Jul-23,3514.65,3510.00,3549.90,3477.05,3488.00,3491.70,3512.83,2743228.00,9636496606.90,221755.00,1110810.00,40.49
TCS,EQ,18-Jul-23,3491.70,3476.00,3524.00,3465.00,3492.45,3496.85,3496.72,2600090.00,9091781942.50,159053.00,1550758.00,59.64
TCS,EQ,19-Jul-23,3496.85,3500.00,3516.85,3445.65,3469.00,3470.05,3476.09,2405370.00,8361286032.75,131215.00,1563755.00,65.01
TCS,EQ,20-Jul-23,3470.05,3453.10,3478.90,3436.05,3461.60,3463.30,3453.22,1715404.00,5923659535.20,99611.00,924750.00,53.91
TCS,EQ,21-Jul-23,3463.30,3404.05,3434.90,3359.05,3374.00,3368.30,3396.22,3770223.00,12804501433.35,167464.00,2365927.00,62.75
TCS,EQ,24-Jul-23,3368.30,3381.00,3413.45,3372.10,3393.00,3394.75,3397.83,1680132.00,5708798867.65,124293.00,1129015.00,67.20
TCS,EQ,25-Jul-23,3394.75,3397.50,3406.80,3380.20,3400.00,3399.15,3396.67,1272980.00,4323895800.15,134482.00,900644.00,70.75
TCS,EQ,26-Jul-23,3399.15,3400.35,3420.85,3385.00,3394.00,3388.30,3399.91,1066803.00,3627035565.20,101692.00,615587.00,57.70
TCS,EQ,27-Jul-23,3388.30,3394.95,3411.65,3385.05,3398.00,3396.90,3395.09,1701769.00,5777660069.25,125535.00,1242876.00,73.03
TCS,EQ,28-Jul-23,3396.90,3385.00,3393.70,3331.00,3354.00,3355.40,3352.74,2599831.00,8716557269.30,127470.00,1887794.00,72.61
TCS,EQ,31-Jul-23,3355.40,3364.40,3426.65,3360.90,3415.00,3421.45,3406.98,2743678.00,9347645416.85,121298.00,1933444.00,70.47
TCS,EQ,01-Aug-23,3421.45,3415.00,3460.00,3415.00,3450.10,3452.05,3443.71,1956167.00,6736474356.40,101249.00,1245505.00,63.67
TCS,EQ,02-Aug-23,3452.05,3434.95,3446.40,3413.60,3433.00,3440.65,3435.39,1914899.00,6578428884.55,116337.00,1398129.00,73.01
TCS,EQ,03-Aug-23,3440.65,3420.00,3433.25,3368.00,3397.00,3399.95,3397.85,2026351.00,6885230549.20,136745.00,1253208.00,61.85
TCS,EQ,04-Aug-23,3399.95,3401.25,3471.00,3401.25,3441.05,3443.55,3445.20,2248493.00,7746518305.90,118974.00,1434557.00,63.80
TCS,EQ,07-Aug-23,3443.55,3453.95,3488.00,3441.25,3482.90,3484.05,3467.58,1853889.00,6428512875.30,108103.00,1289089.00,69.53
TCS,EQ,08-Aug-23,3484.05,3484.05,3489.95,3456.60,3469.00,3470.60,3470.86,1634225.00,5672169905.30,119523.00,1271634.00,77.81
TCS,EQ,09-Aug-23,3470.60,3464.90,3467.00,3425.05,3460.85,3462.50,3449.06,1794589.00,6189641425.50,89275.00,1305254.00,72.73
TCS,EQ,10-Aug-23,3462.50,3450.00,3464.90,3430.05,3448.25,3442.10,3442.07,1096701.00,3774918908.55,76539.00,612492.00,55.85
TCS,EQ,11-Aug-23,3442.10,3438.10,3466.65,3414.00,3444.50,3448.80,3444.54,1679974.00,5786738907.20,142622.00,1051850.00,62.61
TCS,EQ,14-Aug-23,3448.80,3440.70,3455.00,3411.00,3448.00,3449.85,3434.19,1190425.00,4088141282.40,145261.00,697765.00,58.61
TCS,EQ,16-Aug-23,3449.85,3450.00,3466.00,3435.20,3450.70,3458.40,3453.07,1328445.00,4587215413.45,102457.00,898417.00,67.63
TCS,EQ,17-Aug-23,3458.40,3455.00,3460.80,3413.20,3425.90,3435.75,3435.28,1843241.00,6332040272.50,122489.00,1172604.00,63.62
TCS,EQ,18-Aug-23,3435.75,3410.00,3410.00,3356.50,3368.00,3367.10,3373.82,2526749.00,8524793143.10,150157.00,1424519.00,56.38
TCS,EQ,21-Aug-23,3367.10,3375.00,3409.75,3372.00,3400.05,3401.65,3396.90,1375579.00,4672710451.45,90178.00,948914.00,68.98
TCS,EQ,22-Aug-23,3401.65,3400.00,3411.00,3365.05,3383.10,3382.15,3379.46,1222012.00,4129742131.95,105529.00,765907.00,62.68
TCS,EQ,23-Aug-23,3382.15,3388.00,3402.00,3376.00,3389.20,3398.25,3392.66,1330046.00,4512393621.55,74093.00,846626.00,63.65
TCS,EQ,24-Aug-23,3398.25,3408.00,3413.05,3378.10,3391.00,3387.75,3392.89,1152881.00,3911601781.55,83377.00,703679.00,61.04
TCS,EQ,25-Aug-23,3387.75,3375.00,3385.80,3350.25,3374.00,3381.30,3371.84,1158046.00,3904744950.05,87415.00,741009.00,63.99
TCS,EQ,28-Aug-23,3381.30,3394.00,3394.00,3360.10,3373.00,3375.55,3374.18,1037485.00,3500663941.25,80009.00,718921.00,69.29
TCS,EQ,29-Aug-23,3375.55,3381.05,3389.55,3365.00,3375.00,3376.15,3375.62,944517.00,3188333020.15,68937.00,642831.00,68.06
TCS,EQ,30-Aug-23,3376.15,3398.00,3408.10,3383.05,3391.00,3390.95,3397.70,1188200.00,4037149090.80,83244.00,818723.00,68.90
TCS,EQ,31-Aug-23,3390.95,3401.00,3417.40,3343.65,3361.00,3356.80,3369.12,3417652.00,11514468309.55,125169.00,2421119.00,70.84
TCS,EQ,01-Sep-23,3356.80,3366.00,3389.00,3356.80,3374.00,3379.20,3379.92,1277950.00,4319372822.65,148744.00,872552.00,68.28
TCS,EQ,04-Sep-23,3379.20,3378.00,3432.85,3370.05,3418.50,3418.50,3405.13,1828332.00,6225711646.35,114654.00,1230246.00,67.29
TCS,EQ,05-Sep-23,3418.50,3420.00,3447.00,3405.15,3425.65,3429.35,3430.40,1501842.00,5151924571.65,100120.00,922625.00,61.43
TCS,EQ,06-Sep-23,3429.35,3434.00,3443.90,3398.10,3421.60,3429.90,3424.44,1314818.00,4502511185.60,99523.00,841418.00,64.00
TCS,EQ,07-Sep-23,3429.90,3430.80,3460.00,3422.30,3458.00,3455.25,3443.88,1885092.00,6492039521.45,143528.00,842814.00,44.71
TCS,EQ,08-Sep-23,3455.25,3455.25,3465.00,3435.05,3445.00,3441.90,3446.91,1518917.00,5235563741.25,88984.00,970792.00,63.91
TCS,EQ,11-Sep-23,3441.90,3462.00,3485.70,3445.00,3481.00,3480.65,3471.77,1783604.00,6192269892.25,111418.00,1246670.00,69.90
TCS,EQ,12-Sep-23,3480.65,3492.00,3589.90,3483.00,3572.60,3580.80,3550.35,4476016.00,15891401853.45,242752.00,2546536.00,56.89
TCS,EQ,13-Sep-23,3580.80,3571.10,3588.85,3545.00,3561.50,3567.85,3568.13,1754929.00,6261806697.40,138829.00,1031177.00,58.76
TCS,EQ,14-Sep-23,3567.85,3570.05,3597.70,3545.60,3562.35,3560.05,3563.35,2604721.00,9281527868.20,146192.00,1162755.00,44.64
TCS,EQ,15-Sep-23,3560.05,3567.85,3607.35,3562.45,3591.55,3598.30,3591.93,2952897.00,10606611878.75,139252.00,1749955.00,59.26
TCS,EQ,18-Sep-23,3598.30,3580.05,3619.30,3575.25,3605.00,3606.15,3605.10,1395753.00,5031835082.65,97296.00,1005563.00,72.04
TCS,EQ,20-Sep-23,3606.15,3580.00,3625.00,3580.00,3600.10,3606.05,3612.14,1649396.00,5957855338.40,127927.00,976624.00,59.21
TCS,EQ,21-Sep-23,3606.05,3588.55,3605.00,3528.00,3586.00,3585.30,3559.97,2004073.00,7134447228.50,151219.00,892038.00,44.51
TCS,EQ,22-Sep-23,3585.30,3584.00,3633.75,3565.05,3604.00,3603.65,3605.09,1989083.00,7170827508.35,152937.00,1063284.00,53.46
TCS,EQ,25-Sep-23,3603.65,3602.50,3620.00,3558.65,3569.80,3577.15,3579.70,1238778.00,4434448253.85,82519.00,847701.00,68.43
TCS,EQ,26-Sep-23,3577.15,3567.60,3594.95,3536.00,3590.00,3585.70,3561.51,1726062.00,6147386173.95,113798.00,1220758.00,70.73
TCS,EQ,27-Sep-23,3585.70,3590.00,3614.00,3555.70,3586.00,3589.30,3587.16,1541134.00,5528296992.85,104230.00,991891.00,64.36
TCS,EQ,28-Sep-23,3589.30,3600.00,3602.80,3527.35,3549.00,3536.75,3558.09,1755753.00,6247135882.45,127091.00,775346.00,44.16
TCS,EQ,29-Sep-23,3536.75,3537.20,3568.45,3505.55,3525.00,3528.60,3536.95,2243791.00,7936167438.85,134776.00,1282164.00,57.14
TCS,EQ,03-Oct-23,3528.60,3534.20,3534.20,3480.10,3507.10,3513.85,3508.19,1948148.00,6834465531.05,134041.00,1188071.00,60.98
TCS,EQ,04-Oct-23,3513.85,3486.30,3548.00,3477.30,3545.00,3537.75,3504.95,1788138.00,6267337422.00,102259.00,1115764.00,62.40
TCS,EQ,05-Oct-23,3537.75,3554.00,3624.00,3551.20,3590.00,3589.35,3589.48,2990768.00,10735300327.60,195202.00,1344658.00,44.96
TCS,EQ,06-Oct-23,3589.35,3591.00,3634.95,3575.05,3621.25,3621.40,3606.29,2075691.00,7485547134.95,157117.00,1217280.00,58.64
TCS,EQ,09-Oct-23,3621.40,3645.05,3679.00,3631.00,3633.00,3638.35,3652.75,4233074.00,15462357801.50,337303.00,2313193.00,54.65
TCS,EQ,10-Oct-23,3638.35,3640.05,3648.00,3601.35,3629.50,3628.90,3623.90,1848148.00,6697511578.25,170957.00,898605.00,48.62
TCS,EQ,11-Oct-23,3628.90,3650.00,3650.00,3605.00,3613.00,3609.90,3625.72,2426417.00,8797500442.75,151957.00,1477594.00,60.90
TCS,EQ,12-Oct-23,3609.90,3575.00,3588.65,3538.10,3543.00,3542.55,3555.40,4241281.00,15079440683.50,314201.00,2149379.00,50.68
TCS,EQ,13-Oct-23,3542.55,3530.00,3577.00,3525.00,3574.30,3570.85,3562.28,2890357.00,10296267661.05,262330.00,1770918.00,61.27
TCS,EQ,16-Oct-23,3570.85,3566.00,3574.65,3519.10,3521.00,3524.05,3539.03,1671104.00,5914086791.50,162600.00,1113479.00,66.63
TCS,EQ,17-Oct-23,3524.05,3530.00,3534.15,3503.35,3509.00,3507.05,3516.16,1672065.00,5879254819.95,125942.00,1200270.00,71.78
TCS,EQ,18-Oct-23,3507.05,3511.00,3522.70,3484.00,3492.50,3487.25,3500.28,1408245.00,4929245451.05,147692.00,915176.00,64.99
TCS,EQ,19-Oct-23,3487.25,3469.50,3476.85,3451.90,3454.80,3455.65,3461.86,1514545.00,5243145783.65,164438.00,814343.00,53.77
TCS,EQ,20-Oct-23,3455.65,3450.40,3499.50,3444.05,3491.85,3494.55,3485.40,1481211.00,5162609717.10,142361.00,811900.00,54.81
TCS,EQ,23-Oct-23,3494.55,3473.00,3478.95,3401.30,3409.15,3410.15,3442.60,1106272.00,3808455848.35,126787.00,635413.00,57.44
TCS,EQ,25-Oct-23,3410.15,3390.50,3425.00,3377.20,3390.55,3390.10,3398.15,1518537.00,5160213346.45,133032.00,959916.00,63.21
TCS,EQ,26-Oct-23,3390.10,3368.05,3373.70,3330.00,3331.80,3336.75,3346.35,1984471.00,6640734038.60,203800.00,1206477.00,60.80
TCS,EQ,27-Oct-23,3336.75,3350.00,3362.00,3337.00,3350.00,3350.95,3351.03,1108851.00,3715795757.45,112673.00,626899.00,56.54
TCS,EQ,30-Oct-23,3350.95,3350.00,3382.85,3333.75,3381.00,3378.55,3368.57,910972.00,3068672170.25,74251.00,442422.00,48.57
TCS,EQ,31-Oct-23,3378.55,3399.00,3399.00,3350.05,3371.80,3368.75,3368.00,999811.00,3367364685.15,109355.00,584532.00,58.46
TCS,EQ,01-Nov-23,3368.75,3355.00,3371.60,3311.00,3311.40,3330.65,3347.22,1563475.00,5233296947.80,112623.00,1148529.00,73.46
TCS,EQ,02-Nov-23,3330.65,3343.20,3375.95,3343.20,3363.00,3360.10,3363.98,1245384.00,4189448412.50,97073.00,542537.00,43.56
TCS,EQ,03-Nov-23,3360.10,3382.00,3387.90,3344.30,3351.00,3350.90,3362.79,1402598.00,4716646465.75,111516.00,955820.00,68.15
TCS,EQ,06-Nov-23,3350.90,3375.00,3392.30,3359.00,3385.00,3380.25,3374.03,1099852.00,3710928578.40,69041.00,864446.00,78.60
TCS,EQ,07-Nov-23,3380.25,3378.00,3404.15,3366.00,3371.55,3370.45,3378.26,1191144.00,4023994967.20,82322.00,853147.00,71.62
TCS,EQ,08-Nov-23,3370.45,3371.45,3401.95,3369.55,3382.65,3381.55,3387.91,992899.00,3363852490.70,91615.00,630418.00,63.49
TCS,EQ,09-Nov-23,3381.55,3390.10,3391.50,3342.05,3350.00,3347.45,3363.59,2112352.00,7105080612.55,146431.00,1260477.00,59.67
TCS,EQ,10-Nov-23,3347.45,3338.00,3347.45,3322.35,3341.00,3333.45,3331.70,1338557.00,4459665543.60,93667.00,930907.00,69.55
TCS,EQ,12-Nov-23,3333.45,3350.00,3359.00,3345.00,3358.90,3357.30,3355.70,173346.00,581697254.35,22226.00,116967.00,67.48
TCS,EQ,13-Nov-23,3357.30,3356.00,3356.00,3327.00,3332.00,3331.55,3333.43,1030990.00,3436731318.90,92128.00,825729.00,80.09
TCS,EQ,15-Nov-23,3331.55,3383.10,3413.00,3356.05,3408.60,3404.30,3390.15,2059802.00,6983037380.85,117652.00,1449421.00,70.37
TCS,EQ,16-Nov-23,3404.30,3430.05,3529.35,3414.20,3497.00,3497.85,3484.46,3951984.00,13770516229.10,256300.00,1866641.00,47.23
TCS,EQ,17-Nov-23,3497.85,3497.85,3524.50,3492.55,3499.00,3502.45,3510.08,2021292.00,7094891279.55,159877.00,1111855.00,55.01
TCS,EQ,20-Nov-23,3502.45,3491.25,3533.90,3491.25,3520.00,3519.60,3518.20,1475621.00,5191524462.85,133758.00,917412.00,62.17
TCS,EQ,21-Nov-23,3519.60,3519.60,3539.05,3501.00,3510.00,3510.20,3525.61,1807236.00,6371610015.95,141954.00,1360143.00,75.26
TCS,EQ,22-Nov-23,3510.20,3500.00,3532.65,3481.10,3530.50,3530.15,3510.71,1798051.00,6312427531.70,121170.00,1149027.00,63.90
TCS,EQ,23-Nov-23,3530.15,3530.00,3544.00,3500.00,3507.00,3508.25,3516.84,2729804.00,9600272250.30,170315.00,1933265.00,70.82
TCS,EQ,24-Nov-23,3508.25,3494.25,3504.55,3453.00,3454.00,3457.10,3474.52,1989733.00,6913359986.45,137682.00,1075004.00,54.03
TCS,EQ,28-Nov-23,3457.10,3457.10,3481.25,3433.00,3473.30,3470.15,3454.10,1689195.00,5834649202.90,120747.00,1125100.00,66.61
TCS,EQ,29-Nov-23,3470.15,3481.00,3518.00,3475.80,3514.60,3513.75,3503.48,1441634.00,5050729225.70,140282.00,920188.00,63.83
TCS,EQ,30-Nov-23,3513.75,3499.45,3516.65,3481.00,3487.90,3487.60,3492.69,3266235.00,11407956559.40,136958.00,2362566.00,72.33
TCS,EQ,01-Dec-23,3487.60,3500.00,3516.95,3490.05,3512.00,3511.65,3503.53,1172141.00,4106636662.55,90309.00,710553.00,60.62
TCS,EQ,04-Dec-23,3511.65,3544.65,3547.80,3498.00,3514.45,3512.45,3514.58,1625213.00,5711934381.15,105864.00,958947.00,59.00
TCS,EQ,05-Dec-23,3512.45,3538.00,3538.00,3502.80,3533.60,3531.60,3520.66,1377656.00,4850257950.20,74749.00,818570.00,59.42
TCS,EQ,06-Dec-23,3531.60,3532.60,3612.85,3525.15,3600.60,3604.10,3573.48,1896572.00,6777360136.50,109178.00,1028717.00,54.24
TCS,EQ,07-Dec-23,3604.10,3605.00,3630.55,3591.70,3618.00,3614.90,3615.53,1967653.00,7114113153.35,169670.00,1157011.00,58.80
TCS,EQ,08-Dec-23,3614.90,3633.00,3645.00,3602.05,3625.00,3626.70,3622.26,1641155.00,5944690506.00,111965.00,774207.00,47.17
TCS,EQ,11-Dec-23,3626.70,3622.90,3653.00,3615.00,3643.00,3642.90,3638.96,1102503.00,4011962538.60,79129.00,763415.00,69.24
TCS,EQ,12-Dec-23,3642.90,3638.95,3698.40,3631.00,3665.50,3672.10,3673.19,2236866.00,8216432575.75,193557.00,1398051.00,62.50
TCS,EQ,13-Dec-23,3672.10,3643.55,3650.00,3563.00,3597.00,3593.55,3596.72,3850968.00,13850861323.25,307799.00,2493877.00,64.76
TCS,EQ,14-Dec-23,3593.55,3630.00,3678.00,3627.60,3670.00,3667.25,3664.15,3290396.00,12056488520.30,217977.00,2136355.00,64.93
TCS,EQ,15-Dec-23,3667.25,3666.70,3895.95,3666.70,3871.00,3861.00,3810.10,8531230.00,32504850648.60,363820.00,4817725.00,56.47
TCS,EQ,18-Dec-23,3861.00,3858.10,3929.00,3830.15,3856.00,3859.20,3872.72,2521612.00,9765502705.80,178532.00,1156164.00,45.85
TCS,EQ,19-Dec-23,3859.20,3845.00,3855.10,3790.00,3808.00,3816.20,3814.98,2004435.00,7646876716.95,133647.00,1088070.00,54.28
TCS,EQ,20-Dec-23,3816.20,3827.25,3898.80,3766.55,3774.00,3780.05,3841.02,2586083.00,9933185211.45,173222.00,1345951.00,52.05
TCS,EQ,21-Dec-23,3780.05,3756.25,3806.70,3743.35,3796.65,3787.50,3783.40,1517562.00,5741545164.75,141897.00,661412.00,43.58
TCS,EQ,22-Dec-23,3787.50,3800.00,3845.95,3762.00,3814.00,3824.00,3805.11,2413058.00,9181961989.95,210826.00,1329736.00,55.11
TCS,EQ,26-Dec-23,3824.00,3819.85,3834.00,3790.15,3798.10,3795.55,3806.25,1285231.00,4891912408.60,105834.00,746906.00,58.11
TCS,EQ,27-Dec-23,3795.55,3799.00,3818.20,3768.00,3808.00,3811.20,3792.62,1293976.00,4907556179.85,135647.00,779111.00,60.21
TCS,EQ,28-Dec-23,3811.20,3824.00,3838.00,3792.10,3796.15,3799.90,3811.22,1682889.00,6413855833.10,133761.00,1016895.00,60.43
TCS,EQ,29-Dec-23,3799.90,3792.00,3822.60,3765.40,3800.00,3793.40,3796.92,1574996.00,5980129693.80,131434.00,1004864.00,63.80
TCS,EQ,01-Jan-24,3793.40,3790.00,3832.00,3773.00,3803.00,3811.10,3804.27,825907.00,3141974600.85,94008.00,421397.00,51.02
TCS,EQ,02-Jan-24,3811.10,3811.10,3811.10,3767.25,3781.15,3783.20,3787.05,1344068.00,5090055959.15,133902.00,928322.00,69.07
TCS,EQ,03-Jan-24,3783.20,3767.00,3771.85,3687.05,3692.60,3691.75,3711.76,1803075.00,6692584987.50,208012.00,1188251.00,65.90
TCS,EQ,04-Jan-24,3691.75,3701.75,3719.00,3651.00,3668.60,3666.80,3668.32,3598144.00,13199152251.35,220494.00,2670094.00,74.21
TCS,EQ,05-Jan-24,3666.80,3675.00,3747.75,3674.85,3738.60,3737.90,3721.70,1963127.00,7306170829.65,155406.00,1033124.00,52.63
TCS,EQ,08-Jan-24,3737.90,3737.90,3739.75,3672.40,3680.85,3678.30,3696.43,1067805.00,3947062246.40,137547.00,629551.00,58.96
TCS,EQ,09-Jan-24,3678.30,3709.95,3752.35,3682.75,3696.00,3689.90,3716.16,1370944.00,5094642955.85,112174.00,756812.00,55.20
TCS,EQ,10-Jan-24,3689.90,3690.00,3729.25,3688.00,3707.05,3713.05,3706.94,1292227.00,4790202220.40,111912.00,755246.00,58.45
TCS,EQ,11-Jan-24,3713.05,3724.00,3773.00,3707.00,3726.70,3735.55,3738.42,1777909.00,6646566140.90,135916.00,899818.00,50.61
TCS,EQ,12-Jan-24,3735.55,3848.00,3905.25,3821.60,3881.90,3882.80,3873.63,6813450.00,26392805818.30,337824.00,3768543.00,55.31
TCS,EQ,15-Jan-24,3882.80,3960.00,3965.00,3885.00,3902.00,3903.80,3922.67,2801505.00,10989386687.15,265310.00,1562049.00,55.76
TCS,EQ,16-Jan-24,3903.80,3899.00,3899.00,3855.55,3861.05,3861.30,3873.57,1432672.00,5549555027.65,157027.00,900573.00,62.86
TCS,EQ,17-Jan-24,3861.30,3819.00,3909.95,3812.55,3880.00,3884.60,3882.57,3458696.00,13428630127.85,161556.00,2230573.00,64.49
TCS,EQ,18-Jan-24,3884.60,3898.00,3908.80,3862.00,3902.00,3902.60,3887.98,2239110.00,8705605580.15,200495.00,1362977.00,60.87
TCS,EQ,19-Jan-24,3902.60,3945.00,3963.55,3915.05,3947.00,3943.05,3942.73,2941975.00,11599414329.35,272591.00,1933463.00,65.72
TCS,EQ,20-Jan-24,3943.05,3948.00,3955.65,3855.55,3859.30,3860.65,3896.81,516477.00,2012614827.20,47373.00,222448.00,43.07
TCS,EQ,23-Jan-24,3860.65,3900.00,3933.90,3842.75,3860.05,3858.25,3881.80,2618854.00,10165879227.30,214176.00,1756285.00,67.06
TCS,EQ,24-Jan-24,3858.25,3880.00,3883.65,3805.60,3859.40,3841.80,3842.01,2657709.00,10210948798.05,119466.00,1984308.00,74.66
TCS,BL,25-Jan-24,3514.65,3841.80,3841.80,3841.80,3841.80,3841.80,3841.80,27024.00,103820803.20,1.00,-,-
TCS,EQ,25-Jan-24,3841.80,3839.90,3861.00,3778.70,3807.00,3810.30,3803.09,2205154.00,8386394648.75,186169.00,1332663.00,60.43
TCS,EQ,29-Jan-24,3810.30,3800.80,3820.00,3780.85,3807.00,3801.00,3798.49,1646747.00,6255155335.60,114028.00,1142824.00,69.40
TCS,EQ,30-Jan-24,3801.00,3807.45,3847.80,3787.00,3801.40,3800.55,3816.76,1411621.00,5387816849.15,96931.00,914543.00,64.79
TCS,EQ,31-Jan-24,3800.55,3811.20,3834.00,3796.45,3804.00,3815.95,3814.91,2459358.00,9382220705.45,166663.00,1824652.00,74.19
TCS,EQ,01-Feb-24,3815.95,3820.00,3904.90,3805.05,3842.65,3854.15,3863.88,2363107.00,9130767055.90,200156.00,1267308.00,53.63
TCS,EQ,02-Feb-24,3854.15,3875.05,3984.40,3872.00,3959.20,3966.30,3944.48,2826510.00,11149116302.85,271200.00,1435372.00,50.78
TCS,EQ,05-Feb-24,3966.30,3983.00,4022.00,3962.10,3966.95,3973.30,3996.07,1691523.00,6759438477.25,156341.00,1015070.00,60.01
TCS,EQ,06-Feb-24,3973.30,3997.00,4149.90,3990.00,4129.35,4136.00,4106.33,4474396.00,18373368282.15,325723.00,2479611.00,55.42
TCS,EQ,07-Feb-24,4136.00,4153.00,4155.00,4073.95,4085.00,4083.40,4115.33,2124267.00,8742061109.55,177689.00,1433758.00,67.49
TCS,EQ,08-Feb-24,4083.40,4090.00,4158.00,4086.05,4137.85,4134.10,4122.74,2345173.00,9668540283.35,212471.00,946960.00,40.38
TCS,EQ,09-Feb-24,4134.10,4136.55,4184.75,4100.00,4132.00,4133.70,4135.50,2100596.00,8687013883.30,204415.00,836221.00,39.81
TCS,EQ,12-Feb-24,4133.70,4130.00,4159.60,4105.55,4119.00,4120.70,4128.10,1013716.00,4184716444.45,110339.00,545028.00,53.77
TCS,EQ,13-Feb-24,4120.70,4125.45,4170.00,4081.50,4145.00,4149.50,4130.03,1257415.00,5193163729.60,140800.00,757833.00,60.27
TCS,EQ,14-Feb-24,4149.50,4107.00,4114.90,4049.50,4106.00,4100.10,4092.10,1391283.00,5693275185.95,126863.00,844545.00,60.70
TCS,EQ,15-Feb-24,4100.10,4128.00,4146.30,4083.00,4106.00,4103.20,4107.34,1091582.00,4483499686.35,117286.00,479725.00,43.95
TCS,EQ,16-Feb-24,4103.20,4113.25,4147.95,4100.10,4122.30,4128.30,4124.07,1307556.00,5392447497.55,125414.00,660555.00,50.52
TCS,EQ,19-Feb-24,4128.30,4123.05,4128.30,4055.00,4099.85,4103.80,4092.76,772291.00,3160800378.55,70873.00,343479.00,44.48
TCS,EQ,20-Feb-24,4103.80,4082.10,4098.00,4010.00,4035.00,4030.65,4047.78,1193648.00,4831625596.80,108310.00,628009.00,52.61
TCS,EQ,21-Feb-24,4030.65,4013.00,4063.35,3980.60,3987.00,3991.50,4025.98,1885939.00,7592748600.05,135075.00,1093371.00,57.97
TCS,EQ,22-Feb-24,3991.50,3971.00,4094.95,3971.00,4082.55,4087.10,4036.74,2982052.00,12037760611.30,233453.00,1465287.00,49.14
TCS,EQ,23-Feb-24,4087.10,4130.00,4130.00,4046.40,4046.40,4052.10,4086.76,2538072.00,10372488169.05,207942.00,1764308.00,69.51
TCS,EQ,26-Feb-24,4052.10,4036.00,4050.00,3982.75,4001.90,4001.05,4001.89,1379284.00,5519738697.40,168908.00,943439.00,68.40
TCS,EQ,27-Feb-24,4001.05,3999.00,4124.00,3999.00,4100.50,4104.40,4083.47,2960475.00,12089017645.25,235296.00,1732919.00,58.54
TCS,EQ,28-Feb-24,4104.40,4095.60,4154.90,4089.00,4109.90,4118.95,4126.35,1939225.00,8001915262.30,139242.00,1044776.00,53.88
TCS,EQ,29-Feb-24,4118.95,4099.00,4138.10,4064.55,4113.00,4095.10,4098.60,3772719.00,15462863779.50,165001.00,2223680.00,58.94
TCS,EQ,01-Mar-24,4095.10,4107.20,4140.00,4086.80,4093.00,4094.35,4110.85,2043265.00,8399555212.15,157981.00,1202586.00,58.86
TCS,EQ,02-Mar-24,4094.35,4112.70,4129.50,4090.15,4110.00,4107.10,4110.65,65057.00,267426764.05,8974.00,34991.00,53.79
TCS,EQ,04-Mar-24,4107.10,4105.00,4117.90,4075.90,4082.00,4080.70,4090.25,1749271.00,7154955206.30,114412.00,1295900.00,74.08
TCS,EQ,05-Mar-24,4080.70,4062.00,4064.00,3980.00,4010.90,4012.10,4017.34,2070859.00,8319342582.80,152615.00,1347590.00,65.07
TCS,EQ,06-Mar-24,4012.10,3994.05,4072.00,3958.45,4058.00,4064.30,4012.65,1744204.00,6998878535.55,140908.00,894364.00,51.28
TCS,EQ,07-Mar-24,4064.30,4065.00,4124.00,4037.70,4105.00,4108.60,4099.00,2688905.00,11021820076.20,154179.00,1636303.00,60.85
TCS,EQ,11-Mar-24,4108.60,4089.00,4153.00,4089.00,4120.00,4122.35,4124.96,2304068.00,9504184843.45,188233.00,1510509.00,65.56
TCS,EQ,12-Mar-24,4122.35,4122.35,4229.95,4121.05,4194.55,4192.25,4198.28,4039801.00,16960233961.30,216551.00,1814985.00,44.93
TCS,EQ,13-Mar-24,4192.25,4205.00,4241.00,4131.90,4139.00,4149.00,4177.33,2837260.00,11852184104.80,208881.00,1655638.00,58.35
TCS,EQ,14-Mar-24,4149.00,4153.45,4225.00,4086.00,4207.75,4207.60,4166.30,2919608.00,12163965941.70,262125.00,1459709.00,50.00
TCS,EQ,15-Mar-24,4207.60,4192.60,4239.00,4177.00,4220.00,4219.25,4213.31,3373143.00,14212088365.25,176623.00,2128963.00,63.12
TCS,EQ,18-Mar-24,4219.25,4215.25,4254.75,4117.85,4144.25,4152.50,4196.78,1526904.00,6408084083.05,129335.00,808311.00,52.94
TCS,EQ,19-Mar-24,4152.50,4051.25,4058.00,3966.60,3971.00,3977.30,4022.55,8931209.00,35926206807.15,293529.00,3595481.00,40.26
TCS,EQ,20-Mar-24,3977.30,3986.00,4018.00,3960.20,3974.95,3970.90,3995.10,1817913.00,7262745848.35,134030.00,883011.00,48.57
TCS,EQ,21-Mar-24,3970.90,3990.05,4008.40,3948.00,3979.45,3972.95,3972.92,3829582.00,15214604392.05,227156.00,2407623.00,62.87
TCS,EQ,22-Mar-24,3972.95,3897.00,3938.00,3855.00,3909.00,3910.90,3903.24,5852485.00,22843670096.35,431155.00,3246731.00,55.48
TCS,EQ,26-Mar-24,3910.90,3875.00,3946.70,3871.45,3883.00,3877.50,3894.29,3440925.00,13399953628.95,176329.00,2522467.00,73.31
TCS,EQ,27-Mar-24,3877.50,3888.50,3895.00,3829.40,3854.15,3840.90,3861.60,1968575.00,7601845471.00,152258.00,1385664.00,70.39
TCS,EQ,28-Mar-24,3840.90,3850.10,3915.00,3840.50,3882.10,3876.30,3880.57,4311783.00,16732186615.05,242073.00,2346012.00,54.41
TCS,EQ,01-Apr-24,3876.30,3897.70,3933.30,3888.05,3924.00,3916.75,3905.77,1569676.00,6130799234.60,142337.00,1035605.00,65.98
TCS,EQ,02-Apr-24,3916.75,3890.00,3909.85,3873.00,3890.20,3883.80,3886.53,2142666.00,8327525479.35,152218.00,1649088.00,76.96
TCS,EQ,03-Apr-24,3883.80,3851.00,3981.00,3851.00,3950.05,3947.30,3940.47,3973090.00,15655836798.60,232561.00,2447069.00,61.59
TCS,EQ,04-Apr-24,3947.30,3975.90,4028.65,3935.25,4000.00,4003.30,3983.10,3394637.00,13521178797.20,196204.00,1581295.00,46.58
TCS,EQ,05-Apr-24,4003.30,3978.00,4002.00,3960.50,3983.00,3979.25,3983.17,1636819.00,6519723297.55,95801.00,1036981.00,63.35
TCS,EQ,08-Apr-24,3979.25,3983.00,4032.65,3960.00,3964.90,3972.55,4000.29,2302538.00,9210823451.50,145126.00,1649249.00,71.63
TCS,EQ,09-Apr-24,3972.55,3984.00,4015.85,3925.05,3948.75,3946.55,3967.73,1876992.00,7447401521.40,102114.00,1176639.00,62.69
TCS,EQ,10-Apr-24,3946.55,3956.40,3990.20,3918.00,3980.75,3984.65,3956.43,2101965.00,8316267625.30,108594.00,1344752.00,63.98
TCS,EQ,12-Apr-24,3984.65,3971.00,4013.35,3945.50,4003.80,4001.40,3990.61,4354821.00,17378376127.55,200517.00,2312553.00,53.10
TCS,EQ,15-Apr-24,4001.40,4001.40,4064.20,3919.05,3940.80,3941.20,3990.50,4200329.00,16761416762.10,245404.00,1465213.00,34.88
TCS,EQ,16-Apr-24,3941.20,3902.00,3928.70,3862.85,3875.95,3872.80,3888.73,3051420.00,11866147836.30,147341.00,2040122.00,66.86
TCS,EQ,18-Apr-24,3872.80,3876.80,3936.00,3850.00,3871.00,3862.00,3891.42,3476284.00,13527691591.60,191254.00,1760108.00,50.63
TCS,EQ,19-Apr-24,3862.00,3838.00,3852.55,3800.90,3822.15,3826.20,3827.74,2957749.00,11321504897.25,252913.00,1731769.00,58.55
TCS,EQ,22-Apr-24,3826.20,3837.00,3878.00,3812.00,3875.90,3864.60,3841.58,1728883.00,6641643736.05,99078.00,1148694.00,66.44
TCS,EQ,23-Apr-24,3864.60,3877.05,3895.00,3860.60,3875.00,3874.70,3877.69,1807586.00,7009250573.80,132941.00,1225651.00,67.81
TCS,EQ,24-Apr-24,3874.70,3890.00,3898.00,3824.45,3835.00,3831.05,3853.73,1317312.00,5076558245.00,113695.00,834223.00,63.33
TCS,EQ,25-Apr-24,3831.05,3811.20,3873.65,3811.00,3851.00,3852.20,3850.53,2856271.00,10998153736.80,211754.00,1534697.00,53.73
TCS,EQ,26-Apr-24,3852.20,3855.15,3876.80,3802.55,3823.45,3821.35,3838.36,2039178.00,7827090898.40,165343.00,1199318.00,58.81
TCS,EQ,29-Apr-24,3821.35,3838.00,3877.80,3819.20,3865.00,3870.20,3860.41,1110693.00,4287735190.85,109485.00,666831.00,60.04
TCS,EQ,30-Apr-24,3870.20,3872.00,3881.75,3810.00,3823.95,3820.65,3841.42,2203078.00,8462954749.45,144940.00,1628645.00,73.93
TCS,EQ,02-May-24,3820.65,3778.05,3871.10,3778.05,3865.00,3863.30,3846.89,2491044.00,9582766032.85,220245.00,1031270.00,41.40
TCS,EQ,03-May-24,3863.30,3890.15,3893.60,3797.60,3838.00,3843.40,3839.84,2962234.00,11374519156.95,193038.00,1531052.00,51.69
TCS,EQ,06-May-24,3843.40,3853.00,3939.95,3853.00,3922.20,3921.05,3917.99,2053831.00,8046888044.00,162185.00,1092024.00,53.17
TCS,EQ,07-May-24,3921.05,3930.80,3988.00,3913.50,3975.20,3978.95,3951.55,2062112.00,8148536133.15,128480.00,1274679.00,61.81
TCS,EQ,08-May-24,3978.95,3961.00,3984.30,3938.60,3968.10,3976.95,3968.11,1247685.00,4950948533.20,110637.00,780055.00,62.52
TCS,EQ,09-May-24,3976.95,3962.00,3971.00,3910.05,3956.00,3960.20,3948.51,1726486.00,6817049440.40,156265.00,786275.00,45.54
TCS,EQ,10-May-24,3960.20,3962.60,3973.60,3885.05,3895.00,3893.90,3914.05,1672489.00,6546206693.50,142144.00,833333.00,49.83
TCS,EQ,13-May-24,3893.90,3884.50,3955.00,3870.00,3947.00,3947.80,3923.12,931326.00,3653700402.95,96702.00,476483.00,51.16
TCS,EQ,14-May-24,3947.80,3936.00,3945.80,3892.90,3902.00,3901.20,3916.22,1058317.00,4144602576.75,96233.00,601739.00,56.86
TCS,EQ,15-May-24,3901.20,3904.50,3926.95,3875.50,3882.70,3880.40,3891.38,1115021.00,4338965538.50,88516.00,692445.00,62.10
TCS,EQ,16-May-24,3880.40,3891.10,3909.50,3843.50,3892.00,3900.95,3882.17,2599399.00,10091300479.85,187465.00,1051041.00,40.43
TCS,EQ,17-May-24,3900.95,3919.00,3920.00,3830.00,3839.00,3834.10,3866.19,2765804.00,10693118517.05,197919.00,1821715.00,65.87
TCS,EQ,18-May-24,3834.10,3847.00,3861.90,3840.00,3853.35,3851.45,3849.42,91066.00,350551405.70,7224.00,44715.00,49.10
TCS,EQ,21-May-24,3851.45,3830.60,3844.75,3810.05,3825.00,3820.20,3820.18,1908117.00,7289343660.90,200205.00,1288624.00,67.53
TCS,EQ,22-May-24,3820.20,3835.00,3841.25,3817.55,3831.50,3832.00,3830.73,1311168.00,5022730247.75,101531.00,805048.00,61.40
TCS,EQ,23-May-24,3832.00,3840.95,3905.00,3825.50,3899.00,3893.45,3871.28,2095742.00,8113203579.00,131534.00,938015.00,44.76
TCS,EQ,24-May-24,3893.45,3878.25,3883.80,3844.30,3850.95,3849.50,3857.62,1309452.00,5051369874.45,88592.00,762209.00,58.21
TCS,EQ,27-May-24,3849.50,3855.00,3908.35,3841.35,3847.65,3847.05,3879.60,1841538.00,7144426662.95,160642.00,1143209.00,62.08
TCS,EQ,28-May-24,3847.05,3858.00,3870.00,3830.00,3836.90,3839.90,3853.34,1801993.00,6943692168.50,123639.00,1251465.00,69.45
TCS,EQ,29-May-24,3839.90,3848.90,3848.90,3800.00,3803.00,3803.65,3817.18,1568095.00,5985700080.40,118150.00,1116629.00,71.21
TCS,EQ,30-May-24,3803.65,3777.00,3794.40,3715.45,3739.00,3736.10,3747.95,2919230.00,10941116841.40,186630.00,1998660.00,68.47
TCS,EQ,31-May-24,3736.10,3740.00,3749.80,3653.75,3698.00,3670.95,3684.36,10956800.00,40368844653.20,323000.00,8218394.00,75.01
TCS,EQ,03-Jun-24,3670.95,3732.80,3751.55,3696.00,3706.00,3702.85,3713.72,2156773.00,8009653406.45,203491.00,1485357.00,68.87
TCS,EQ,04-Jun-24,3702.85,3700.00,3745.00,3591.50,3732.55,3715.00,3694.29,3395997.00,12545796705.45,274839.00,1875330.00,55.22
TCS,EQ,05-Jun-24,3715.00,3716.00,3783.80,3700.00,3755.10,3746.45,3747.69,2799670.00,10492304940.65,205741.00,1753337.00,62.63
TCS,EQ,06-Jun-24,3746.45,3781.00,3839.90,3741.50,3836.00,3830.40,3796.58,4328036.00,16431736429.50,281068.00,2354986.00,54.41
TCS,EQ,07-Jun-24,3830.40,3837.30,3915.00,3837.30,3888.55,3893.95,3891.54,4552445.00,17716023957.40,277984.00,2356808.00,51.77
TCS,EQ,10-Jun-24,3893.95,3895.00,3905.90,3841.90,3859.00,3858.70,3864.83,1734661.00,6704174826.45,117061.00,1087215.00,62.68
TCS,EQ,11-Jun-24,3858.70,3845.00,3879.95,3841.00,3855.65,3852.10,3860.66,1419898.00,5481742091.60,94929.00,968128.00,68.18
TCS,EQ,12-Jun-24,3852.10,3874.40,3893.50,3827.45,3837.00,3831.65,3853.40,2177001.00,8388848726.55,142302.00,1598098.00,73.41
TCS,EQ,13-Jun-24,3831.65,3856.80,3890.00,3852.00,3873.00,3878.15,3872.82,1932323.00,7483532564.55,128094.00,1160787.00,60.07
TCS,EQ,14-Jun-24,3878.15,3889.00,3889.00,3828.00,3833.00,3832.05,3842.00,1860730.00,7148928964.95,133590.00,1101634.00,59.20
TCS,EQ,18-Jun-24,3832.05,3826.05,3842.00,3795.05,3819.00,3815.10,3819.14,1774045.00,6775333799.50,126236.00,1106791.00,62.39
TCS,EQ,19-Jun-24,3815.10,3827.65,3833.85,3792.95,3801.00,3801.70,3806.93,1509050.00,5744844872.30,111353.00,981626.00,65.05
TCS,EQ,20-Jun-24,3801.70,3796.00,3809.95,3780.05,3789.85,3787.25,3791.92,2846526.00,10793810411.95,226469.00,1713903.00,60.21
TCS,EQ,21-Jun-24,3787.25,3827.00,3877.80,3798.05,3802.00,3810.75,3827.86,4642195.00,17769672677.30,206639.00,2264402.00,48.78
TCS,EQ,24-Jun-24,3810.75,3808.75,3857.00,3791.30,3815.00,3816.80,3834.36,1702154.00,6526663734.20,115165.00,1073981.00,63.10
TCS,EQ,25-Jun-24,3816.80,3817.00,3847.65,3792.90,3840.00,3838.45,3822.40,1338808.00,5117458194.40,140971.00,926061.00,69.17
TCS,EQ,26-Jun-24,3838.45,3844.50,3866.95,3841.00,3853.30,3855.85,3856.13,1639845.00,6323455478.65,159513.00,1131357.00,68.99
TCS,EQ,27-Jun-24,3855.85,3831.00,3942.00,3818.10,3928.00,3934.15,3897.23,4526556.00,17641007616.50,308765.00,2362282.00,52.19
